1,簡単
1,低カロリー
1,食物繊維
1,美肌
1,豆
1,焼き物
1,和食
2,時短
2,食物繊維
2,ビタミン
2,疲労回復
2,野菜
2,炒め物
2,中華
3,高たんぱく
3,血流改善
3,疲労回復
3,魚
3,煮物
3,和食
4,簡単
4,低カロリー
4,低糖質
4,魚
4,冷製料理
4,洋食
5,簡単
5,美肌
5,デザート
5,和食
6,低カロリー
6,食物繊維
6,ビタミン
6,野菜
6,サラダ
6,洋食
7,低カロリー
7,高たんぱく
7,簡単
7,エビ
7,炒め物
7,和食
8,低カロリー
8,ビタミン
8,野菜
8,クリームパスタ
8,洋食
9,時短
9,低カロリー
9,高たんぱく
9,魚
9,炒め物
9,和食
10,低カロリー
10,高たんぱく
10,ベジタリアン
10,豆腐
10,グラタン
10,洋食
11,高たんぱく
11,低脂質
11,疲労回復
11,鶏肉
11,炒め物
11,洋食
12,高たんぱく
12,低脂質
12,オメガ3脂肪酸
12,サーモン
12,グリル
12,洋食
13,高たんぱく
13,低脂肪
13,筋トレ
13,鶏肉
13,ケバブ
13,トルコ料理
14,高たんぱく
14,低カロリー
14,脂質燃焼
14,豆腐
14,スープ
14,タイ料理
15,高たんぱく
15,低カロリー
15,鉄分
15,野菜
15,サラダ
15,健康食
16,低カロリー
16,食物繊維
16,ビタミン
16,腸活
16,スムージー
17,低カロリー
17,高たんぱく
17,ビタミン
17,腸活
17,サラダ
17,洋食
18,低カロリー
18,高たんぱく
18,オメガ3脂肪酸
18,ビタミン
18,腸活
18,和食
18,サラダ
19,低カロリー
19,食物繊維
19,ビタミン
19,ミネラル
19,腸活
19,ベジタリアン
19,スープ
20,低カロリー
20,食物繊維
20,腸活
20,ビタミン
20,ベジタリアン
20,カレー
20,インド料理
21,高たんぱく
21,低カロリー
21,ビタミン
21,オメガ3脂肪酸
22,高たんぱく
22,低カロリー
22,ビタミン
22,ミネラル
22,レンズ豆
22,野菜
22,スープ
23,高たんぱく
23,低GI
23,オメガ3脂肪酸
23,ビタミン
23,鶏肉
23,キノア
23,サラダ
24,高たんぱく
24,オメガ3脂肪酸
24,ビタミン
24,簡単
24,魚
24,ヘルシー
24,グリル
24,洋食
25,抗酸化物質
25,ビタミンC
25,低カロリー
25,フレッシュ
25,サラダ
25,ベジタリアン
25,健康食
26,簡単
26,低カロリー
26,ビタミン
26,食物繊維
26,キノコ
26,サラダ
26,洋食
27,簡単
27,ビタミン
27,抹茶
27,豆
27,デザート
27,洋食
28,簡単
28,低カロリー
28,ビタミン
28,食物繊維
28,紫芋
28,アボカド
28,デザート
29,簡単
29,高たんぱく
29,低脂質
29,バナナ
29,プロテイン
29,スムージー
29,洋食
30,簡単
30,高たんぱく
30,レモン
30,海老
30,アスパラガス
30,パスタ
30,洋食
31,ヘルシー
31,高たんぱく
31,低脂質
31,豆腐
31,きのこ
31,ハンバーグ
31,和食
32,低カロリー
32,高たんぱく
32,消化に良い
32,鶏肉
32,野菜
32,蒸し物
32,和食
33,鉄分豊富
33,貧血改善
33,高たんぱく
33,レバー
33,ほうれん草
33,パプリカ
33,炒め物
33,和食
34,低カロリー
34,ビタミンA
34,ビタミンC
34,にんじん
34,ブルーベリー
34,サラダ
34,洋食
35,食物繊維
35,腸活
35,低カロリー
35,キウイ
35,プルーン
35,ヨーグルト
35,洋食
36,オメガ3
36,ビタミンK
36,記憶力サポート
36,くるみ
36,ブロッコリー
36,サラダ
36,洋食
37,オメガ3
37,抗炎症
37,関節痛緩和
37,鮭
37,オリーブ
37,サラダ
37,洋食
38,リラックス
38,ストレス解消
38,マグネシウム
38,トリプトファン
38,チョコレート
38,バナナ
38,スムージー
38,洋食
39,ビタミンE
39,オメガ3
39,リコピン
39,美肌
39,アボカド
39,トマト
39,サラダ
39,洋食
40,亜鉛
40,オメガ3
40,鉄分
40,育毛
40,鮭
40,ほうれん草
40,玄米
40,ボウル
40,和食
41,低FODMAP
41,消化に優しい
41,胃腸に優しい
41,鶏胸肉
41,ズッキーニ
41,グリル
41,洋食
42,低FODMAP
42,胃腸に優しい
42,キノア
42,トマト
42,バジル
42,サラダ
42,洋食
43,低FODMAP
43,胃腸に優しい
43,キノア
43,インド風
43,ピラフ
43,主食
43,洋食
44,体温め
44,スパイシー
44,チョリソ
44,じゃがいも
44,煮込み
44,洋食
45,風邪に優しい
45,消化に良い
45,鶏肉
45,野菜
45,雑炊
45,和食
46,ミルフィーユ鍋
46,豚バラ肉
46,白菜
46,コク深い
46,和食
47,ガーリックソテー
47,豚ロース肉
47,ガーリックバターソース
47,洋食
48,赤ワイン煮込み
48,牛肉
48,じっくり煮込む
48,洋食
49,フローズンアイス
49,マンゴー
49,ヨーグルト
49,デザート
